"Name","Phone","Email","Website","Address","Instagram","Facebook","Twitter","Linkedin","Yelp","Youtube","PlaceID","CID","Category","ReviewCount","AverageRating","Latitude","Longitude","1_Monday","2_Tuesday","3_Wednesday","4_Thursday","5_Friday","6_Saturday","7_Sunday"
"Yashoda Sarees","093764 36000","","http://www.yashodasarees.com/","Shop No.- 316,Parking Project Buliding,Ring Rd, Surat Textile Market, Moti Begumwadi, New Textile Market,Surat, Gujarat 395002","https://www.instagram.com/,https://www.instagram.com/yashoda_sarees,https://www.instagram.com/yashoda_sarees?hl=en","https://www.facebook.com/,https://www.facebook.com/yashodasarees","https://twitter.com/,https://twitter.com/SareesYashoda","https://www.linkedin.com/","","https://www.youtube.com/,https://www.youtube.com/channel/UCHAlpduI6_NwWFDazByzaOQ","ChIJX6iGTlBO4DsRtvBHP8J4_pw","-7134131984027619146","Women's clothing store;Clothes and fabric wholesaler;Clothing manufacturer;Clothing supplier;Clothing wholesaler;Manufacturer;Saree Shop;Uniform store;Wholesale market;Wholesaler","398","4.7","21.1905127","72.8438097","10:30 am–8 pm","10:30 am–8 pm","10:30 am–8 pm","10:30 am–8 pm","10:30 am–8 pm","10:30 am–8 pm","Closed"
"Ajmera Fashion Limited","063588 63687","","https://ajmerafashion.com/","Ground Floor,Surana 101,G-1, Sahara Darwaja Ring Rd, Sahara Darwaja, Umarwada,Surat, Gujarat 395002","https://www.instagram.com/ajmerafashion","https://www.facebook.com/ajmerafashionofficial","","https://in.linkedin.com/company/ajmerafashionofficial","","https://www.youtube.com/watch?v=fjlA50u1zWU,https://www.youtube.com/watch?v=4fnV8QgXeoc,https://www.youtube.com/watch?v=NJHcbmXWdBU,https://www.youtube.com/c/AjmeraFashionSyntheticSareeManufacturer,https://www.youtube.com/@ajmerafashionsurat","ChIJ-3OFDk5O4DsRXZbAaRKPhwc","542559589367846493","Clothing store;Clothes and fabric wholesaler;Clothing manufacturer;Clothing wholesaler;Clothing supplier;Garment Exporter;Outlet store;Textile Exporter;Textile mill","5473","4.5","21.195560399999998","72.8439696","9 am–7 pm","9 am–7 pm","9 am–7 pm","9 am–7 pm","9 am–7 pm","9 am–7 pm","9 am–5 pm"
"Saree Wholesale Market","","","","126,ground floor, vankar textile Market(vtm),ring road,Textile Market Ring Rd,Surat, Gujarat 395003","","","","","","","ChIJp65lzFxP4DsRwiJ8T8vg0OA","-2247049050241359166","Clothes market","147","4.1","21.1956831","72.84225959999999","10 am–8 pm","10 am–8 pm","10 am–8 pm","10 am–8 pm","10 am–8 pm","10 am–8 pm","Closed"
"Saree Wholesale Market","","","","Saroli,Surat, Gujarat 395010","","","","","","","ChIJ306g9WlP4DsRZofK5mTARn0","9027114042712033126","Saree Shop","67","3.7","21.1894532","72.8858747","8:30 am–10 pm","8:30 am–10 pm","8:30 am–10 pm","8:30 am–10 pm","8:30 am–10 pm","8:30 am–10 pm","Closed"
"Sai Dhara Nx","075676 17393","info@saidharanx.com","https://saidharanx.com/","S.Y NO. 33/2, Gr. Floor to 3rd Floor, Plot No.10, 426/A Near Rokadiya Hanuman Temple, Beside INS Hospital BRTS Khatodra Wadi, Surat-395 002,Surat, Gujarat 395002","https://www.instagram.com/saidharannx_official,https://www.instagram.com/saidharannx_official?igsh=eHk5M2VzbTN4ODR2","https://www.facebook.com/saidharanx","https://x.com/assets,https://x.com/contact_us,https://x.com/images,https://x.com/wishlist,https://x.com/cart,https://x.com/wholesale,https://x.com/anarkali,https://x.com/cotton,https://x.com/fancy,https://x.com/kurti,https://x.com/rayon,https://x.com/long,https://x.com/salwar,https://x.com/pakistani,https://x.com/readymade,https://x.com/designer,https://x.com/wedding,https://x.com/sarara,https://x.com/saree,https://x.com/silk,https://x.com/patola,https://x.com/banarasi,https://x.com/kaftan,https://x.com/more,https://x.com/crop,https://x.com/top,https://x.com/lehenga,https://x.com/combo,https://x.com/jump,https://x.com/short,https://x.com/gowns,https://x.com/brands,https://x.com/ajaxfiles,https://x.com/products,https://x.com/portfolio,https://x.com/about_us,https://x.com/become_partner,https://x.com/blog,https://x.com/countrywise_col,https://x.com/shipping_rate,https://x.com/privacy_policy,https://x.com/refund_policy,https://x.com/shipping_policy,https://x.com/desclaimer,https://x.com/terms_condition,https://x.com/faqs,https://x.com/sitemap_page,https://x.com/product,https://x.com/my_account,https://x.com/indexsingle,https://x.com/dress","","","https://www.youtube.com/saidharanx","ChIJge8E6axP4DsRsUhnPgBU4Bc","1720467417679218865","Clothing wholesaler;Clothes and fabric manufacturer;Clothes and fabric wholesaler;Clothing manufacturer;Clothing supplier;Fabric wholesaler;Garment Exporter;Wholesale market;Wholesaler","1154","4.6","21.1774778","72.8314066","8 am–9 pm","8 am–9 pm","8 am–9 pm","8 am–9 pm","8 am–9 pm","8 am–9 pm","8:30 am–4 pm"
"M.R Saree Emporium","097272 36377","mrsaree.1961@gmail.com,contact@mrse.in","http://www.mrse.in/","Lower Ground,M.R. House Shop Number - 248 to 283,308 to 343,Ring Rd, Kohinoor Textile Market,Surat, Gujarat 395003","https://www.instagram.com/mrsareeemporium","https://www.facebook.com/mrsareeemp","","","","https://www.youtube.com/channel/UCE9XwNT2FgpEA9UccbA29Tg,https://www.youtube.com/channel/UCE9XwNT2FgpEA9UccbA29Tg?sub_confirmation=1","ChIJHcepOlFO4DsRGYo2-mHhA9M","-3241499495850669543","Wholesaler","456","4.8","21.1884169","72.8374496","10:30 am–8 pm","10:30 am–8 pm","10:30 am–8 pm","10:30 am–8 pm","10:30 am–8 pm","10:30 am–8 pm","Closed"
"Kesaria Textile Company Surat","090819 95544","","https://kesariatextile.com/","Doriwala Square,near Mohan Mithai,Lal Darwaja, Varachha,Surat, Gujarat 395003","","","","","","","ChIJ7_A36MdP4DsR2vbl-UuQ72E","7057017797102401242","Clothing manufacturer;Clothing supplier;Clothing wholesaler;Garment Exporter;Manufacturer;Textile Exporter;Wholesaler","2535","4.7","21.2054796","72.83930409999999","7 am–11 pm","7 am–11 pm","7 am–11 pm","7 am–11 pm","7 am–11 pm","7 am–11 pm","7 am–11 pm"
"Parnika India","074300 22000","","https://parnikaindia.com/","Delhi Gate,PARVATI FABRIC LIMITED - PARNIKA INDIA F-Tower, Shree Kuberji Textile Market B/h Belgium Tower,Surat, Gujarat 395001","","","","","","","ChIJ6TDGnEhP4DsRw4zN0D7IoMM","-4350257067923239741","Clothing manufacturer;Clothing supplier;Clothing wholesale market place;Clothing wholesaler;Fabric wholesaler;Manufacturer;Protective clothing supplier;Saree Shop","1980","4.9","21.1998999","72.839711","9 am–9 pm","9 am–9 pm","9 am–9 pm","9 am–9 pm","9 am–9 pm","9 am–9 pm","9 am–5 pm"
"Sarees Wholesalers","091063 60125","","http://sareeswholesalers.com/","42 Opp Chandrakala Dyeing Mill Ranchod Bhajiya Street,Ring Rd,nr. Sids Hospital, behind Old Subjail,Surat, Gujarat 395002","","","","","","","ChIJj67h51FO4DsR3m7INWxbKsM","-4383590766974832930","Wholesaler;Clothing store;Clothing wholesale market place;Dress store;Saree Shop;Wholesale market","212","4.4","21.1796549","72.8258728","9 am–8 pm","9 am–8 pm","9 am–8 pm","9 am–8 pm","9 am–8 pm","9 am–8 pm","9 am–8 pm"
"Surat Saree","088908 37422","","","131,raghuvir platinium market, near shyam sangini market,Saroli,Surat, Gujarat 395010","","","","","","","ChIJrbprjlFO4DsRCIcmD_ubF-8","-1218333671587150072","Saree Shop;Manufacturer","91","4.5","21.1889046","72.89532559999999","9 am–9 pm","9 am–9 pm","9 am–9 pm","9 am–9 pm","9 am–9 pm","9 am–9 pm","Closed"
"Yadu Nandan Fashions ( YNF ) - Sarees From Top Wholesale Manufacturer","070434 57060","yadunandanfashion@gmail.com","https://ynfonline.com/","U-1216, Ring Rd,Surat Textile Market, Moti Begumwadi, New Textile Market,Surat, Gujarat 395002","https://www.instagram.com/yadunandanfashions","https://www.facebook.com/yadunandanfashions","","","","https://www.youtube.com/@KEEVAAEXPORTS","ChIJE5SjG05O4DsR-cH6OhmKd5o","-7316227228671753735","Clothing manufacturer;Clothing supplier;Clothing wholesaler;Exporter;Jewelry Exporter;Jewelry manufacturer;Textile Exporter;Wholesale jeweler;Wholesaler","1358","4.7","21.1899501","72.8433065","10 am–6:30 pm","10 am–6:30 pm","10 am–6:30 pm","10 am–6:30 pm","10 am–6:30 pm","10 am–6:30 pm","Closed"
"Sarees Wholesale","092278 28195","sareeswholesale7@gmail.com","https://www.sareeswholesale.com/","G-5, Shree Kuberji Textile Park-2,, Behind,Ring Rd,Surat, Gujarat 395003","https://www.instagram.com/sareeswholesale7","https://www.facebook.com/sareeswholesale7","https://twitter.com/sareeswholesal1","","","https://www.youtube.com/channel/UCieUvl5Yjbr7OcF3QaBksOw","ChIJX1UV_FdO4DsRAP_yIZ17T2o","7660477405990158080","Clothes and fabric manufacturer;Textile Exporter","33","4.1","21.200591","72.840193","9 am–7 pm","9 am–7 pm","9 am–7 pm","9 am–7 pm","9 am–7 pm","9 am–7 pm","Closed"
"Art Silk Saree Manufacturer-Best saree collection in surat","094287 40132","","","G.I, industry estate,Gate no-4 Road no-12 plot no -67 Laxmi textile park,Azad Nagar Road, near Manju dyeing ki gali, D.C, bhatar, Sachin,Surat, Gujarat 394230","","","","","","","ChIJIW5I0LlR4DsR8qrZWxtFOgI","160516720532499186","Manufacturer","43","5","21.0800405","72.8585042","Open 24 hours","Open 24 hours","Open 24 hours","Open 24 hours","Open 24 hours","Open 24 hours","Open 24 hours"
"Saree Market","093289 68907","","http://sareemarket.co.in/","Rohit A.C Market, Moti Begumwadi, New Textile Market,Surat, Gujarat 395003","","","","","","","ChIJmc9kT0tP4DsRW4IzrWNRsg4","1058998350934934107","Saree Shop;Clothing store;Manufacturer","38","4","21.1916266","72.8418726","9 am–9 pm","9 am–9 pm","9 am–9 pm","9 am–9 pm","9 am–9 pm","9 am–9 pm","Closed"
"Ranjna Ronisha Sarees","098255 59337","","http://ronishasarees.com/","543 5th Floor,Millennium Textile Market, 2,Surat, Gujarat 395002","","","","","","","ChIJ70B0GlFO4DsR6Lk5pWXArq8","-5787476928328255000","Store;Saree Shop","67","4.9","21.1843535","72.8464369","11 am–9 pm","11 am–9 pm","11 am–9 pm","11 am–9 pm","11 am–9 pm","11 am–9 pm","Closed"
"saurya life style","080 4606 0582","","https://www.sauryalifestyle.com/","sanskruti AC market,new, Godadara Rd,near Capital Square, Shakti Nagar,Surat, Gujarat 395012","","https://www.facebook.com/sharer.php?u=https://www.sauryalifestyle.com/","https://twitter.com/share?url=https://www.sauryalifestyle.com/","https://www.linkedin.com/cws/share?url=https://www.sauryalifestyle.com/","","","ChIJTSGIMjpP4DsR1CDY6_OA06I","-6713880834357059372","Clothing store","28","4.6","21.184911","72.87143669999999","Open 24 hours","Open 24 hours","Open 24 hours","Open 24 hours","Open 24 hours","Open 24 hours","Open 24 hours"
"Asopan Saree","063541 60700","","","Gate no. 2,Asopan A-21/23,Bombay Market, Umarwada,Surat, Gujarat 395010","","","","","","","ChIJq6qqHlVO4DsRFhCObraAxj0","4451386802729521174","Bridal shop;Dress store;Saree Shop","218","4.7","21.198244","72.84952799999999","9:30 am–8:30 pm","9:30 am–8:30 pm","9:30 am–8:30 pm","9:30 am–8:30 pm","9:30 am–8:30 pm","9:30 am–8:30 pm","Closed"
"Shiv Gauri Saree","082000 50776","","","101,Rathi Palace,Ring Rd, nr. Millenium -1, New Textile Market,Surat, Gujarat 395002","","","","","","","ChIJXypLRllP4DsRRSEDX5zNAnM","8287412335807766853","Wholesaler","297","4.9","21.186506299999998","72.83936659999999","10 am–9 pm","10 am–9 pm","10 am–9 pm","10 am–9 pm","10 am–9 pm","10 am–9 pm","Closed"
"Riddhi Siddhi Fashion/uniform saare manufacturers/dailywearsaare manufacturers/cottonsaares manufacturers","093140 40131","","https://www.indiamart.com/riddhisiddhifashion-surat/","Z 3189, Swadeshi Market Ring Rd,Surat Textile Market, New Textile Market,Surat, Gujarat 395002","","https://www.facebook.com/sharer.php?u=https%3A%2F%2Fwww.indiamart.com%2Friddhisiddhifashion-surat%2F","https://twitter.com/share?url=https%3A%2F%2Fwww.indiamart.com%2Friddhisiddhifashion-surat%2F","https://www.linkedin.com/cws/share?url=https%3A%2F%2Fwww.indiamart.com%2Friddhisiddhifashion-surat%2F","","","ChIJR6tSaxBP4DsRLfzsTc7PM04","5635076043748211757","Manufacturer","69","4.9","21.188683599999997","72.84482059999999","10 am–9 pm","10 am–12 am","12–9 am, 10 am–9 pm","10 am–9 pm","10 am–9 pm","10 am–9 pm","Closed"
"Tarun Fab","087990 64405","","https://tarunfab.com/","HTC Market,G-109, Mithi Khadi Rd,Anjana, Shanti Nagar, Yamuna Nagar,Surat, Gujarat 395002","https://www.instagram.com/tarunfabofficial,https://www.instagram.com/tarunfabofficial?r=nametag","https://www.facebook.com/tarunfabofficiall","","","","https://www.youtube.com/@TarunFab","ChIJOTzOm0xO4DsRuyzzreCzP_k","-486472457160282949","Clothing manufacturer;Clothing supplier","26","4.9","21.1851505","72.8502586","10 am–8 pm","10 am–8 pm","10 am–8 pm","10 am–8 pm","10 am–8 pm","10 am–8 pm","10 am–2 pm"
"Keshav Madhav Fashion (Surat Saree manufacturer, Silk Saree, Cotton Saree, Printed Saree, Fancy Saree)","093773 41455","","https://keshavmadhavfashion.com/","SHOP NO 7143 MILLENIUM TEXTILE MARKET-4,Bhatena,Surat, Gujarat 394210","","","","","","","ChIJ0WIBXWRP4DsRnixfbMDkGIk","-8567846775969338210","Manufacturer;Clothing manufacturer;Clothing wholesale market place;Clothing wholesaler;Garment Exporter;Saree Shop;Wholesale market;Wholesaler;Women's clothing store","257","4.9","21.177504799999998","72.8481393","10:30 am–7 pm","10:30 am–7 pm","10:30 am–7 pm","10:30 am–7 pm","10:30 am–7 pm","10:30 am–7 pm","Closed"
"Mali Sarees - Darbari Saree Wholesale Shop Surat","098251 43419","","","Shop No: 1056, 1st Floor,Abhishek Market Ring Rd,Abhishek Market, New Textile Market,Surat, Gujarat 395002","","","","","","","ChIJ7_ezz09O4DsRbMMfP0IS6Z4","-6996040470407167124","Clothing store;Manufacturer;Saree Shop;Wholesaler","42","4.8","21.189160299999998","72.84500659999999","10:30 am–9:30 pm","10:30 am–9:30 pm","10:30 am–9:30 pm","10:30 am–9:30 pm","10:30 am–9:30 pm","10:30 am–9:30 pm","Closed"
"Laavsee","076983 85113","dmca@telegram.org,security@telegram.org,grievance-in@telegram.org","http://www.laavsee.com/","Shop no-119 ,1st floor,Shri Punjan Plaza,Dumbhal, Model Town Rd, near SMC Limbayat Zone, opp. Fire Station, Kailash Nagar Society, Parvat Patiya,Surat, Gujarat 395010","https://www.instagram.com/laavsee","","https://x.com/telegram,https://x.com/telegram_es,https://x.com/telegram_it,https://x.com/telegram_kr,https://x.com/de_telegram,https://x.com/telegram_br,https://x.com/telegram_arabic,https://x.com/smstelegram","","","","ChIJqeX8bGtP4DsRDVFATL67RLI","-5601145610544590579","Saree Shop","86","4.8","21.1838704","72.8606988","11 am–5 pm","11 am–5 pm","11 am–5 pm","11 am–5 pm","11 am–5 pm","11 am–5 pm","Closed"
"Vasudev Sarees","091110 20260","","","515, Ring Rd,Sai Asharam Market, Moti Begumwadi, New Textile Market,Surat, Gujarat 395003","","","","","","","ChIJRZamj0hP4DsRwjIThC9yaGI","7091043161699726018","Saree Shop","157","4.6","21.191933","72.841855","9 am–7:30 pm","9 am–7:30 pm","9 am–7:30 pm","9 am–7:30 pm","9 am–7:30 pm","9 am–7:30 pm","Closed"
"Sasta Saree","","","","2017, N.S.T.M,Surat - Kadodara Rd,Surat, Gujarat 395010","","","","","","","ChIJ-5_UXvJP4DsRjl308ERkRUw","5495909167538658702","Saree Shop;Manufacturer;Outlet store;Silk store","93","4.8","21.1919787","72.85261009999999","10:30 am–6 pm","10:30 am–6 pm","10:30 am–6 pm","10:30 am–6 pm","10:30 am–6 pm","10:30 am–6 pm","Closed"
"SURAT WHOLESALE SAREE (Hanuman Textile)","082003 83001","","","SHOP NO- 2004,Sai Aashram Market,Ring Rd, opposite HARIOM MARKET, behind Shiv Shakti Sweets, Begumwadi, Moti Begumwadi, New Textile Market,Surat, Gujarat 395003","","","","","","","ChIJa1qwWFBO4DsR1RenwgXCjjc","4003350448775305173","Clothing store;Wholesale market","160","4.2","21.192045099999998","72.84187109999999","9:30 am–8 pm","9:30 am–8 pm","9:30 am–8 pm","9:30 am–8 pm","9:30 am–8 pm","9:30 am–8 pm","Closed"
"Anula Sarees | Saree Manufacturer | Surat","096386 38610","","","G1 to 4 , Emporio Textile Hub, Falsawadi,Ring Rd,near Golden Point, Begampura,Surat, Gujarat 395003","","","","","","","ChIJJwbxNpFP4DsREEqMTqEL7hY","1652270900727007760","Saree Shop;Bridal shop;Clothing manufacturer;Clothing store;Clothing supplier;Clothing wholesale market place;Clothing wholesaler;Designer Clothing Store;Manufacturer;Wholesaler","106","4.3","21.198362","72.8393148","9 am–8:30 pm","9 am–8:30 pm","9 am–8:30 pm","9 am–8:30 pm","9 am–8:30 pm","9 am–8:30 pm","Closed"
"Kartik Sarees Pvt Ltd","098257 66644","","https://www.instagram.com/kartik.sarees/?hl=en","84 Millenium,D 1183, Textile Market Ring Rd,Jay Laxmi Market, Moti Begumwadi, New Textile Market,Surat, Gujarat 395007","https://www.instagram.com/rsrc.php,https://www.instagram.com/kartik.sarees,https://www.instagram.com/_u","","","","","","ChIJhe169ftP4DsRdY4EmXaPiZc","-7527327562636947851","Saree Shop;Boutique;Clothes and fabric manufacturer;Clothes and fabric wholesaler;Clothing manufacturer;Clothing store;Clothing wholesaler;Designer Clothing Store;Fabric wholesaler;Women's clothing store","68","4.7","21.193573999999998","72.8402006","10 am–8:30 pm","10 am–8:30 pm","10 am–8:30 pm","10 am–8:30 pm","10 am–8:30 pm","10 am–8:30 pm","Closed"
"Sonakshi Sarees","063510 12044","info@sonakshisarees.com","https://www.sonakshisarees.com/","Shop No.A-70,Ring Rd,near Regent Market, behind Kohinoor House, Kohinoor Textile Market, Begampura,Surat, Gujarat 395002","","https://www.facebook.com/sharer,https://www.facebook.com/sharer/sharer.php?u=https://sonakshisarees.com/,https://www.facebook.com/sharer/sharer.php?u=https://sonakshisarees.com/about-us/,https://www.facebook.com/sharer/sharer.php?u=https://sonakshisarees.com/contact-us/,https://www.facebook.com/sharer/sharer.php?u=https://sonakshisarees.com/return-policy/","https://x.com/share?url=https://sonakshisarees.com/,https://x.com/share?url=https://sonakshisarees.com/about-us/,https://x.com/share?url=https://sonakshisarees.com/contact-us/,https://x.com/share?url=https://sonakshisarees.com/return-policy/","https://www.linkedin.com/shareArticle?mini=true&url=https://sonakshisarees.com/,https://www.linkedin.com/shareArticle?mini=true&url=https://sonakshisarees.com/about-us/,https://www.linkedin.com/shareArticle?mini=true&url=https://sonakshisarees.com/contact-us/,https://www.linkedin.com/shareArticle?mini=true&url=https://sonakshisarees.com/return-policy/","","","ChIJ1bXyt4JP4DsRevoSuyJHh-g","-1691304920561288582","Manufacturer;Clothing manufacturer;Clothing wholesaler;Saree Shop;Wholesaler","64","4.9","21.1940407","72.8351378","10:30 am–8:30 pm","10:30 am–8:30 pm","10:30 am–8:30 pm","10:30 am–8:30 pm","10:30 am–8:30 pm","10:30 am–8:30 pm","Closed"
"Rajbanni Textile Hub","099748 15558","","","1st Floor, Union Square,Rajbanni Textile Hub,nr. New Bombay Market, Umarwada,Surat, Gujarat 395010","","","","","","","ChIJL5OOTy9P4DsRYamhX5hYQjg","4053900026049571169","Clothing manufacturer;Clothing supplier;Clothing wholesaler;Wedding store;Women's clothing store","146","4.5","21.194471399999998","72.8480845","9:30 am–7:30 pm","9:30 am–7 pm","9:30 am–7:30 pm","9:30 am–7:30 pm","9:30 am–7:30 pm","9:30 am–7:30 pm","9:30 am–7:30 pm"
"Radha Rani Textiles I Wholeasale Textile Saree Market","099980 31670","","https://www.instagram.com/radharani_rrt/","Shop No 212-213, 2nd Floor,New Supreme Market,near Adarsh Market-2, Ring Road, Adarsh Market-2, Ring Road, Moti Begumwadi, New Textile Market,Surat, Gujarat 395003","https://www.instagram.com/rsrc.php,https://www.instagram.com/radharani_rrt,https://www.instagram.com/_u","","","","","","ChIJKRpxAmtP4DsRRARGgNAi60Y","5110216481082573892","Clothing wholesale market place;Manufacturer;Wholesale market","116","4.9","21.190813","72.841486","9:30 am–7 pm","9:30 am–7 pm","9:30 am–7 pm","9:30 am–7 pm","9:30 am–7 pm","9:30 am–7 pm","Closed"
"सूरत लोट सोट","093748 03628","","","Shop no. G-101 ground floor,opp. New Bombay market,Sahara Darwaja, Begampura,Surat, Gujarat 395010","","","","","","","ChIJP4Z9OtlP4DsRd0iPUkauEp8","-6984328455042152329","Saree Shop","33","4.7","21.1932019","72.8503708","9 am–8 pm","9 am–8 pm","9 am–8 pm","9 am–8 pm","9 am–8 pm","9 am–8 pm","Closed"
"Kapoor Lehenga","074095 55455","kapoorlehengasaree111@gmail.com,support@kapoorlehengasaree.com","http://kapoorlehengasaree.com/","101 basement , millennium textile market,Ring Rd,Kamela Darwaja,Surat, Gujarat 395002","https://www.instagram.com/kapoorlehengasaree","https://www.facebook.com/KAPOORLEHENGASAREE","","","","https://www.youtube.com/@kapoorlehengasaree","ChIJM6SnX31P4DsRvszuyiwtUvM","-913618103996330818","Clothing store;Clothing manufacturer;Clothing wholesaler","605","4.7","21.188340999999998","72.84071949999999","11 am–10 pm","11 am–10 pm","11 am–10 pm","11 am–10 pm","11 am–10 pm","11 am–10 pm","12–7 pm"
"Leeza Store","093750 09817","aditya@tradeindia.com,grievances@tradeindia.com,helpdesk@tradeindia.com,legal@tradeindia.com","http://leezastorewholesale.com/","510,Aashirwad Complex,near Krishna Petrol Pump, Udhana Darwaja, Sagrampura,Surat, Gujarat 395002","","https://www.facebook.com/tradeindia","https://twitter.com/tradeindia","https://www.linkedin.com/company/tradeindia","","https://www.youtube.com/c/tradeindia","ChIJwXJnL0FO4DsRa-0tfi73w9o","-2683029173925188245","Clothing store;Clothing Accessories Store;Saree Shop","16","4.7","21.183632499999998","72.83049989999999","10 am–8 pm","10 am–8 pm","10 am–8 pm","10 am–8 pm","10 am–8 pm","10 am–8 pm","Closed"
"Zeel Clothing - a leading manufacturers, Wholesalers, Suppliers of Lehenga Choli, Sarees","096246 65566","care@zeelclothing.com","http://zeelclothing.com/","First Floor,Navjivan Industrial Society,Plot No. 41, Vesu Canal Rd, near Unique Hospital, Laxmi Nagar, Udhana,Surat, Gujarat 395002","https://www.instagram.com/zeelclothing","https://www.facebook.com/zeelclothing","https://x.com/zeelclothing","","","https://www.youtube.com/@zeelclothing","ChIJPXGtAuhO4DsRqjToUWfH9U4","5689672950822220970","Clothing manufacturer;Bridal shop;Clothing supplier;Clothing wholesale market place;Clothing wholesaler;Designer Clothing Store;Plus Size Clothing Store;Saree Shop;Vintage clothing store;Wedding store","803","4.9","21.1746285","72.8276291","10 am–7 pm","10 am–7 pm","10 am–7 pm","10 am–7 pm","10 am–7 pm","10 am–7 pm","10 am–1 pm"
"Mali Silk Mills - Wholesale Printed Sarees Manufacturer Shop Surat","099090 45720","","http://www.malisilkmills.com/","Shop No : 1057, 1st Floor,Abhishek Market Ring Rd,Abhishek Market, New Textile Market,Surat, Gujarat 395002","https://www.instagram.com/whatsapp,https://www.instagram.com/whatsapp?hl=en","https://www.facebook.com/brand,https://www.facebook.com/profile.php?id=100064758844406,https://www.facebook.com/brand/resources/whatsapp/whatsapp-brand,https://www.facebook.com/business,https://www.facebook.com/business/m/whatsapp/business-api","https://x.com/whatsapp","","","https://www.youtube.com/channel/UCAuerig2N-RZWJT8x75V9yw","ChIJe3i28bVP4DsRgOu38Dh_gVc","6305460835828886400","Saree Shop;Clothing manufacturer;Clothing wholesaler","25","5","21.1889762","72.84445769999999","10:30 am–9:30 pm","10:30 am–9:30 pm","10:30 am–9:30 pm","10:30 am–9:30 pm","10:30 am–9:30 pm","10:30 am–9:30 pm","Closed"
"Saree Wholesale Market In Surat","093138 05705","","https://www.ajmerafashion.com/","Surana 101 Tower,6002, Sahara Darwaja Ring Rd,Sahara Darwaja, New Textile Market,Surat, Gujarat 395003","https://www.instagram.com/ajmerafashion","https://www.facebook.com/ajmerafashionofficial","","https://in.linkedin.com/company/ajmerafashionofficial","","https://www.youtube.com/watch?v=fjlA50u1zWU,https://www.youtube.com/watch?v=4fnV8QgXeoc,https://www.youtube.com/watch?v=NJHcbmXWdBU,https://www.youtube.com/c/AjmeraFashionSyntheticSareeManufacturer,https://www.youtube.com/@ajmerafashionsurat","ChIJZ1V4Sj9P4DsRhEb5gEkxEKA","-6912971236247517564","Clothing wholesaler","1","5","21.195529","72.8439638","9 am–9 pm","9 am–9 pm","9 am–9 pm","9 am–9 pm","9 am–9 pm","9 am–9 pm","9 am–9 pm"
"Krishna Creation","088667 78727","krishnacreation2049@gmail.com,info@krishnacreation.co.in","https://krishnacreation.co.in/","2049, Textile Tower Market,near Salasar Gate,Surat, Gujarat 395002","https://www.instagram.com/krishnacreationsurat,https://www.instagram.com/","https://www.facebook.com/krishnacreationsurat,https://www.facebook.com/","https://twitter.com/","https://www.linkedin.com/","","https://www.youtube.com/channel/UCAO0HA7VeMCSFnj_CyJG2HA,https://www.youtube.com/","ChIJR3eg81BO4DsRwswsCLw3Jy4","3325688130566933698","Women's clothing store;Clothing wholesaler","144","4.6","21.1915065","72.84503289999999","11 am–8 pm","11 am–8 pm","11 am–8 pm","11 am–8 pm","11 am–8 pm","11 am–8 pm","Closed"
"Saree Sansar kanjivaram saree","","","http://www.sareesansar.com/","C- 13, Sahara Darwaja Ring Rd,New TT Market, Moti Begumwadi, New Textile Market,Surat, Gujarat 395002","","","","","","","ChIJY3VsjlFO4DsRpGz41jLOy3o","8848392610649762980","Saree Shop;Silk store","30","4.9","21.1929171","72.8446428","11 am–8 pm","11 am–8 pm","11 am–8 pm","11 am–8 pm","11 am–8 pm","11 am–8 pm","Closed"
"SURAT KI SAREE","091733 66515","","http://www.facebook.com/surat.kisaree.90","5RRR+7VC,J.J. Market, Moti Begumwadi, New Textile Market,Surat, Gujarat 395002","","","","","","","ChIJtdJ4IaZP4DsR57qT2Wyfn8k","-3918237860933420313","Clothing wholesale market place","26","4","21.1906932","72.84215429999999","7 am–8 pm","7 am–8 pm","7 am–8 pm","7 am–8 pm","7 am–8 pm","7 am–8 pm","7 am–8 pm"
"Roopam Sarees","","","","7, Jay Prakash Narayan Marg,New Textile Market,Surat, Gujarat 395002","","","","","","","ChIJJVM5eE9O4DsRuKC_KMqU534","9144441164387033272","Clothing store","82","4.5","21.1863521","72.84039899999999","9 am–8 pm","9 am–8 pm","9 am–8 pm","9 am–8 pm","9 am–8 pm","9 am–12 am","Open 24 hours"
"G3+","095138 05407","customercare@g3fashions.in","https://g3fashion.com/","G3+ Store,Sutaria Town,251/a, Ghod Dod Rd, near Jolly Shopping Point, Athwa,Surat, Gujarat 395007","https://www.instagram.com/g3fashions","https://www.facebook.com/g3fashions","","","","https://www.youtube.com/user/G3Fashions","ChIJq6pa4d9N4DsRcdEv8WQsA0k","5261097601753665905","Clothing store;Bridal shop;Childrens Store;Designer Clothing Store;Clothing Accessories Store;Men's clothing store;Saree Shop;T-shirt store;Tuxedo shop;Wedding store;Youth clothing store","37421","4.8","21.174460999999997","72.80280139999999","10:30 am–9 pm","10:30 am–9 pm","10:30 am–9 pm","10:30 am–9 pm","10:30 am–9 pm","10:30 am–9:30 pm","10:30 am–9:30 pm"
"Parvati Ethnics","085111 87618","","https://parvatiethnics.com/","Delhi Gate,PARVATI HOUSE, F Tower, Shree Kuberji Textile Park,B/H Belgium Square, Ring Rd,Surat, Gujarat 395001","","","","","","","ChIJHcepOlFO4DsRZrINvYF8mMU","-4208476955113311642","Clothing manufacturer;Boutique;Bridal shop;Clothing supplier;Dressmaker;Fabric store;Fashion designer;Saree Shop;Wholesaler","251","4.6","21.2000322","72.8399087","10 am–8:30 pm","10 am–8:30 pm","10 am–8:30 pm","10 am–8:30 pm","10 am–8:30 pm","10 am–8:30 pm","Closed"
"Jash Market","","","","2032 395002, Textile Market Ring Rd,Sahara Darwaja, Moti Begumwadi, New Textile Market,Surat, Gujarat 395003","","","","","","","ChIJW91qC1FO4DsRf7RM_GKUj44","-8174151645793569665","Clothes market","482","4","21.192853799999998","72.84381929999999","9:30 am–9 pm","9:30 am–9 pm","9:30 am–9 pm","9:30 am–9 pm","9:30 am–9 pm","9:30 am–9 pm","Closed"
"Siilkara Saree","094271 36581","","https://www.instagram.com/siilkara?igsh=NHljbDU5N3B0c3Y2&utm_source=qr","1052,Shiv Shakti Textile Market, Ring Road, Moti Begumwadi, New Textile Market,Surat, Gujarat 395002","https://www.instagram.com/rsrc.php,https://www.instagram.com/siilkara,https://www.instagram.com/_u","","","","","","ChIJM2qU5LlP4DsRZw--Y5G9i7Q","-5437043692978434201","Clothing wholesaler;Supplier;Dress store;Dressmaker;Exporter;Fabric store;Manufacturer;Saree Shop;Wholesaler","27","4.8","21.1898147","72.84393539999999","10 am–10 pm","10 am–10 pm","10 am–10 pm","10 am–10 pm","10 am–10 pm","10 am–10 pm","10 am–10 pm"
"BK-THAVKI (Sales Office)","093766 08799","","","Shop No. 117, A/B,North Extension,Market, Sahara Darwaja Ring Rd, Begampura,Surat, Gujarat 395003","","","","","","","ChIJbxK7aDNR4DsRtDcOOifH2Zc","-7504748332744558668","Textile mill;Weaving mill","36","4.6","21.1971226","72.8429866","10 am–7 pm","10 am–7 pm","10 am–7 pm","10 am–7 pm","10 am–7 pm","10 am–7 pm","Closed"
"Textile Export India Pvt Ltd","090331 76505","example@example.com,info@textileexport.in","https://www.textileexport.in/","Shree Kuberji Textile Park,E-308, Ring Rd,behind Belgium Square, Near Delhi Gate, Begampura,Surat, Gujarat 395002","https://www.instagram.com/textile_export_india","https://www.facebook.com/textileexportindia","https://twitter.com/textileexportin,https://x.com/Textileexoport","https://www.linkedin.com/company/textile-export---india","","","ChIJ0bK7u1FO4DsRS3EFI9lfOUs","5420469012717203787","Clothing wholesaler","521","4.5","21.199579699999997","72.8396405","9 am–6 pm","9 am–6 pm","9 am–6 pm","9 am–6 pm","9 am–6 pm","9 am–6 pm","Closed"
"ETHNICPLUS PRIVATE LIMITED","075758 82020","support@ethnicplus.in","http://ethnicplus.in/","First Floor,Navjivan Industrial Society,41, Vesu Canal Rd, near Unique Hospital, Laxmi Nagar, Khatodra Wadi,Surat, Gujarat 395002","https://www.instagram.com/ethnicplus.in","https://www.facebook.com/ethnicplus.in","https://x.com/ethnicplus_in","","","https://www.youtube.com/channel/UCPnpwhDYgrWFTA4AyNdlX3Q","ChIJB_ZgEr9P4DsRcSD7YhIuuF8","6897313485822828657","Clothing manufacturer;Bridal shop;Embroidery shop;Fashion designer;Plus Size Clothing Store;Wedding store","616","4.9","21.1746373","72.8276547","Open 24 hours","Open 24 hours","Open 24 hours","Open 24 hours","Open 24 hours","Open 24 hours","Open 24 hours"
"Paris World","095123 00900","","https://www.parisworld.in/","Lalgate Main Road,Rajmarg,Surat, Gujarat 395003","https://www.instagram.com/parissurat,https://www.instagram.com/parissurat?igsh=dDJodnJnaDRibXQ4","https://www.facebook.com/parisworld.in,https://www.facebook.com/parisworld.in?mibextid=ZbWKwL","","","","https://www.youtube.com/@Paris_Surat","ChIJgd9J0mFO4DsRNZRmgo6eioQ","-8896123779006688203","Clothing store;Baby clothing store;Bridal shop;Designer Clothing Store;Men's clothing store;Saree Shop;Store;Tuxedo shop;Wedding store;Women's clothing store","986","4","21.1986794","72.8267876","9:30 am–8:30 pm","9:30 am–8:30 pm","9:30 am–8:30 pm","9:30 am–8:30 pm","9:30 am–8:30 pm","9:30 am–8:30 pm","9:30 am–8:30 pm"
"Uniform Sarees","098252 20571","vikram@uniformsarees.in,support@uniformsarees.in,info@uniformsarees.in,returns@uniformsarees.in","https://www.uniformsarees.in/","No 2/24, Manibhadra House Agiyari Mohalla, Opp. Old BJP Office Bh World Trade Center,Rustampura,Surat, Gujarat 395002","https://www.instagram.com/uniformsarees,https://www.instagram.com/uniformsarees?hl=en","https://www.facebook.com/uniformsaree","https://twitter.com/uniformsarees","https://www.linkedin.com/in/uniformsarees","","https://www.youtube.com/watch?v=BfLp3Xwa7ds","ChIJM3pBvd9N4DsRe7vqg7jE2gM","277750623802932091","Uniform store;Clothing store;Textile mill","53","4.4","21.184974999999998","72.83251729999999","8 am–9 pm","8 am–9 pm","8 am–9 pm","8 am–9 pm","8 am–9 pm","8 am–9 pm","8 am–9 pm"
"Sadabahar Fashion","083200 93827","","http://sadabaharfashion.com/","Shop No. 13-14,patra ni chal (street,Rander Rd, near vijay garments, Ramnagar, Sima Nagar,Surat, Gujarat 395005","","https://www.facebook.com/sharer.php?u=https://www.sadabaharfashion.com/","https://twitter.com/share?url=https://www.sadabaharfashion.com/&amp;text=Sadabahar%20Fashion","https://www.linkedin.com/cws/share?url=https://www.sadabaharfashion.com/","","","ChIJO3llWTxM4DsRZ2vHZWv_B5c","-7563796212411307161","Manufacturer;Wholesaler;Women's clothing store","575","4.8","21.2167361","72.7907097","11 am–8 pm","11 am–8 pm","11 am–8 pm","11 am–8 pm","11 am–8 pm","11 am–8 pm","Closed"
"Chunri Fashion-BIGGEST SAREE MANUFACTURER IN SURAT","098257 67415","","","Aadinath market,536, Ring Rd,Moti Begumwadi, New Textile Market,Surat, Gujarat 395003","","","","","","","ChIJQ8ds2PhP4DsRhvjxOkr777k","-5048540361023948666","Store;Clothing wholesale market place;Outlet store","25","4.7","21.1914375","72.8388289","10 am–7:30 pm","10 am–7:30 pm","10 am–7 pm","10 am–7:30 pm","10 am–7:30 pm","10 am–7:30 pm","Closed"
"Kesariya Sarees","080 4769 8118","","https://www.indiamart.com/kesariya-sarees-surat-gujarat/","209. Kohinoor textile houses,Ring Rd,Surat, Gujarat 395003","","https://www.facebook.com/sharer.php?u=https%3A%2F%2Fwww.indiamart.com%2Fkesariya-sarees-surat-gujarat%2F","https://twitter.com/share?url=https%3A%2F%2Fwww.indiamart.com%2Fkesariya-sarees-surat-gujarat%2F","https://www.linkedin.com/cws/share?url=https%3A%2F%2Fwww.indiamart.com%2Fkesariya-sarees-surat-gujarat%2F","","","ChIJn5WvYARP4DsRP6UqVgz5f34","9115278002201732415","Designer Clothing Store;Clothing supplier;Fabric wholesaler;Garment Exporter","6","4","21.1913321","72.8425864","Open 24 hours","Open 24 hours","Open 24 hours","Open 24 hours","Open 24 hours","Open 24 hours","Closed"
"Sagtani Designer Export l Printed saree in surat","099794 55190","","https://sagtanidesignerexports.com/","F 1311-12 64,Millennium Textile Market, Moti Begumwadi, New Textile Market,Surat, Gujarat 395002","","","","","","","ChIJmZXPjC5P4DsROnWEjsFC4Q4","1072211585378055482","Uniform store","69","4.9","21.1883965","72.8409035","11 am–8:30 pm","11 am–8:30 pm","11 am–8:30 pm","11 am–8:30 pm","11 am–8:30 pm","11 am–8:30 pm","Closed"
"Anuaadi Sarees","","","","G-2353-54 UPPER GROUND FLOOR,Ring Rd,Millennium Textile Market,Surat, Gujarat 395002","","","","","","","ChIJgWWO3D5P4DsRIUR0k98q8lg","6409232359441581089","Saree Shop","15","4.9","21.1883368","72.841892","Open 24 hours","Open 24 hours","Open 24 hours","Open 24 hours","Open 24 hours","Open 24 hours","Open 24 hours"
"Bansal Textile Agency Surat ( Since -2006 )","","","","J- 801, INDIA TEXTILE MARKET,near GEETHA RESTORENT,Ring Road,Surat, Gujarat 395003","","","","","","","ChIJOd6T5dJP4DsRtWUeBj0aunc","8627236885579589045","Clothing manufacturer;Bridal shop;Saree Shop","697","4.9","21.187118299999998","72.8386508","10 am–7:30 pm","10 am–7:30 pm","10 am–7:30 pm","10 am–7:30 pm","10 am–7:30 pm","10 am–7:30 pm","Closed"
"Parag Saree","","","http://instagram.com/parag.saree","51, Ring Rd,Millennium Textile Market, Begampura,Surat, Gujarat 395002","https://www.instagram.com/rsrc.php,https://www.instagram.com/parag.saree,https://www.instagram.com/_u","","","","","","ChIJ-dlgFTxP4DsRZPhM_Ve7e3o","8825853881348847716","Clothing store;Clothing manufacturer;Clothing wholesaler;Dress store","7","4.3","21.1842845","72.8463374","9 am–9 pm","9 am–9 pm","9 am–9 pm","9 am–9 pm","9 am–9 pm","9 am–9 pm","Closed"
"Santosh Textile","093138 39678","support-in@google.com","https://www.youtube.com/@Santosh_Textile","kuberji silk market,324,near parsi panchayat parking, opp. avadh textile market, Umarwada,Surat, Gujarat 395010","https://www.instagram.com/youtube","https://www.facebook.com/youtube","https://x.com/YouTube,https://x.com/YouTubeInsider,https://x.com/YouTubeCreators,https://x.com/teamyoutube,https://x.com/youtubegaming,https://x.com/youtubetv,https://x.com/youtubemusic,https://x.com/youtubemusic?ref_src=twsrc%5Egoogle%7Ctwcamp%5Eserp%7Ctwgr%5Eauthor","","","https://www.youtube.com/channel/UCJQkgHJ1QHPLiS4QVMEDmNQ,https://studio.youtube.com/channel/UC,https://m.youtube.com/channel/UCJQkgHJ1QHPLiS4QVMEDmNQ,https://www.youtube.com/,https://www.youtube.com/about/press,https://www.youtube.com/about/copyright,https://www.youtube.com/t/contact_us,https://www.youtube.com/creators,https://www.youtube.com/ads,https://www.youtube.com/t/terms,https://www.youtube.com/t/privacy,https://www.youtube.com/about/policies,https://www.youtube.com/howyoutubeworks?utm_campaign=ytgen&amp;utm_source=ythp&amp;utm_medium=LeftNav&amp;utm_content=txt&amp;u=https%3A%2F%2Fwww.youtube.com%2Fhowyoutubeworks%3Futm_source%3Dythp%26utm_medium%3DLeftNav%26utm_campaign%3Dytgen,https://www.youtube.com/new,https://www.youtube.com/channel/UCqVDpXKLmKeBU_yyt_QkItQ,https://www.youtube.com/howyoutubeworks,https://www.youtube.com/trends,https://www.youtube.com/jobs,https://tv.youtube.com/learn/nflsundayticket,https://www.youtube.com/kids,https://www.youtube.com/musicpremium,https://www.youtube.com/creators/podcasts,https://www.youtube.com/premium?ybp=Sg0IBhIJdW5saW1pdGVk4AEB,https://studio.youtube.com/,https://tv.youtube.com/welcome,https://www.youtube.com/creators/research,https://www.youtube.com/@360/featured,https://www.youtube.com/howyoutubeworks/our-policies,https://www.youtube.com/howyoutubeworks/copyright,https://www.youtube.com/user/GustavoDudamel,https://www.youtube.com/user/YouTube,https://www.youtube.com/user/creatoracademy,https://www.youtube.com/channel/UCGg-UqjRgzhYDPJMr-9HXCg,https://www.youtube.com/user/YouTubeHelp,https://www.youtube.com/channel/UCkRfArvrzheW2E7b6SVT7vQ,https://www.youtube.com/about/press#jump-content,https://www.youtube.com/news-and-events,https://www.youtube.com/creator-and-artist-stories,https://www.youtube.com/culture-and-trends,https://www.youtube.com/inside-youtube,https://www.youtube.com/madeonyoutube,https://www.youtube.com/feed,https://www.youtube.com/about/press#topic-hub-nav,https://www.youtube.com/search?query=What%20specific%20tools%20does%20YouTube%20offer%20creators%3F,https://www.youtube.com/search?query=Neal%20Mohan,https://www.youtube.com/search?query=What%20are%20the%20latest%20AI%20features%20on%20YouTube%3F,https://www.youtube.com/playlist?list=PLELF3GgMJ418,https://www.youtube.com/watch?v=y7Qowwvmqw8,https://www.youtube.com/playlist?list=PLKWsLM2sctt8,https://music.youtube.com/playlist?list=OLAK5uy_neGGaEhzwe5VnhQL4yDiawe9k6483BMpk,https://music.youtube.com/playlist?list=PLGA0jKqIqVtg,https://www.youtube.com/search?query=Youth&amp;tags=Youth,https://www.youtube.com/search?query=Social%20Responsibility&amp;tags=Social%20Responsibility,https://www.youtube.com/search?query=Safety%20&amp;%20Security&amp;tags=Safety%20&amp;%20Security,https://www.youtube.com/search?query=Health&amp;tags=Health,https://www.youtube.com/search?query=Artists&amp;tags=Artists,https://www.youtube.com/search?query=Made%20On%20YouTube&amp;tags=Made%20On%20YouTube,https://www.youtube.com/@YouTubeInsider,https://www.youtube.com/press,https://www.youtube.com/premium,https://tv.youtube.com/welcome?zipcode=78702,https://www.youtube.com/yt/family,https://www.youtube.com/csai-match,https://socialimpact.youtube.com/,https://www.youtube.com/howyoutubeworks/policies/community-guidelines#community-guidelines,https://www.youtube.com/howyoutubeworks/policies/copyright#support-and-troubleshooting,https://www.youtube.com/howyoutubeworks/resources/brand-resources#logos-icons-colors,https://www.youtube.com/intl/ALL_in/howyoutubeworks,https://www.youtube.com/about/copyright#content,https://www.youtube.com/intl/ALL_in/howyoutubeworks/ai,https://www.youtube.com/intl/ALL_in/howyoutubeworks/copyright,https://www.youtube.com/intl/ALL_in/howyoutubeworks/creator-economy,https://www.youtube.com/intl/ALL_in/howyoutubeworks/elections,https://www.youtube.com/intl/ALL_in/howyoutubeworks/kids-and-teens,https://www.youtube.com/intl/ALL_in/howyoutubeworks/learning,https://www.youtube.com/intl/ALL_in/howyoutubeworks/news,https://www.youtube.com/intl/ALL_in/howyoutubeworks/privacy,https://www.youtube.com/intl/ALL_in/howyoutubeworks/recommendations,https://www.youtube.com/intl/ALL_in/howyoutubeworks/our-policies,https://www.youtube.com/intl/ALL_in/howyoutubeworks/youtubes-impact,https://www.youtube.com/yt/about,https://www.youtube.com/t/community_guidelines,https://www.youtube.com/yt/jobs,https://www.youtube.com/t/press,https://www.youtube.com/yt/creators/en-gb/get-started.html,https://www.youtube.com/t/advertising_overview,https://www.youtube.com/t/contentid,https://www.youtube.com/yt/dev,https://www.youtube.com/about/policies#content","ChIJAV7zfb9P4DsRC-MlTXgWj0M","4868134428157010699","Clothing wholesaler","179","4.8","21.1950271","72.8502661","10 am–8:30 pm","10 am–8:30 pm","10 am–8:30 pm","10 am–8:30 pm","10 am–8:30 pm","10 am–8:30 pm","Closed"
"Punit Sarees","","","","4th Floor,Surana International,Sahara Darwaja Ring Rd, Sahara Darwaja, Moti Begumwadi, New Textile Market,Surat, Gujarat 395003","","","","","","","ChIJR7pzCIBP4DsRXqG70tn3PYA","-9205929548359949986","Clothing manufacturer","15","5","21.193749699999998","72.8438087","9:30 am–8 pm","9:30 am–8 pm","9:30 am–8 pm","9:30 am–8 pm","9:30 am–8 pm","9:30 am–8 pm","Closed"
"Panihari Bandhani and Saree Shop In Surat","082004 47710","","https://www.instagram.com/paniharibandhani/","shop no - 317,Panihari Bandhani and Saree,Singanpor Rd, near business fair, Narayan Nagar, Katargam,Surat, Gujarat 395004","https://www.instagram.com/rsrc.php","","","","","","ChIJtTEufO9P4DsRUi5w_lYcpfw","-241755845032923566","Saree Shop;Clothing store;Clothing wholesale market place;Clothing wholesaler;Wholesaler;Women's clothing store","18","5","21.2250516","72.829835","9:30 am–7:30 pm","9:30 am–7:30 pm","9:30 am–7:30 pm","9:30 am–7:30 pm","9:30 am–7:30 pm","9:30 am–7:30 pm","9:30 am–7:30 pm"
"Saree Surat","093774 01019","","","NO-L-4A, L,MILLENNIUM-4 LIFT,6037, Ring Rd, Maan Darwaja, Aman Nagar,Surat, Gujarat 395002","","","","","","","ChIJRQsHSKtP4DsRjlPtLJSTsz0","4446059521763005326","Store;Clothing supplier;Clothing wholesaler;Textile mill","1","1","21.1835435","72.8332234","10 am–8 pm","10 am–8 pm","10 am–8 pm","10 am–8 pm","10 am–8 pm","10 am–8 pm","Closed"
"Mohini Sarees","635362477","","","F - 23, 25, Bombay Market-Punagam Rd,Opposite Bombay Market, Bombay Market, Umarwada,Surat, Gujarat 395010","","","","","","","ChIJq6qqaqtP4DsRxgCE5CrsFfY","-714405296901717818","Clothing store;Saree Shop;Textile Exporter","56","3.7","21.198548","72.849244","9 am–8 pm","9 am–8 pm","9 am–8 pm","9 am–8 pm","9 am–8 pm","9 am–8 pm","Closed"
"Sejal saree surat","084888 84967","support-in@google.com","https://www.youtube.com/@Maarbudasarees","1038, Bombay Market-Punagam Rd,Umarwada,Surat, Gujarat 395010","https://www.instagram.com/youtube","https://www.facebook.com/youtube","https://x.com/YouTube,https://x.com/YouTubeInsider,https://x.com/YouTubeCreators,https://x.com/teamyoutube,https://x.com/youtubegaming,https://x.com/youtubetv,https://x.com/youtubemusic,https://x.com/youtubemusic?ref_src=twsrc%5Egoogle%7Ctwcamp%5Eserp%7Ctwgr%5Eauthor","","","https://www.youtube.com/channel/UCBPtc0ZidAzdZIMY8nFpaiw,https://studio.youtube.com/channel/UC,https://m.youtube.com/channel/UCBPtc0ZidAzdZIMY8nFpaiw,https://www.youtube.com/,https://www.youtube.com/about/press,https://www.youtube.com/about/copyright,https://www.youtube.com/t/contact_us,https://www.youtube.com/creators,https://www.youtube.com/ads,https://www.youtube.com/t/terms,https://www.youtube.com/t/privacy,https://www.youtube.com/about/policies,https://www.youtube.com/howyoutubeworks?utm_campaign=ytgen&amp;utm_source=ythp&amp;utm_medium=LeftNav&amp;utm_content=txt&amp;u=https%3A%2F%2Fwww.youtube.com%2Fhowyoutubeworks%3Futm_source%3Dythp%26utm_medium%3DLeftNav%26utm_campaign%3Dytgen,https://www.youtube.com/new,https://www.youtube.com/channel/UCqVDpXKLmKeBU_yyt_QkItQ,https://www.youtube.com/howyoutubeworks,https://www.youtube.com/trends,https://www.youtube.com/jobs,https://tv.youtube.com/learn/nflsundayticket,https://www.youtube.com/kids,https://www.youtube.com/musicpremium,https://www.youtube.com/creators/podcasts,https://www.youtube.com/premium?ybp=Sg0IBhIJdW5saW1pdGVk4AEB,https://studio.youtube.com/,https://tv.youtube.com/welcome,https://www.youtube.com/creators/research,https://www.youtube.com/@360/featured,https://www.youtube.com/howyoutubeworks/our-policies,https://www.youtube.com/howyoutubeworks/copyright,https://www.youtube.com/user/GustavoDudamel,https://www.youtube.com/user/YouTube,https://www.youtube.com/user/creatoracademy,https://www.youtube.com/channel/UCGg-UqjRgzhYDPJMr-9HXCg,https://www.youtube.com/user/YouTubeHelp,https://www.youtube.com/channel/UCkRfArvrzheW2E7b6SVT7vQ,https://www.youtube.com/about/press#jump-content,https://www.youtube.com/news-and-events,https://www.youtube.com/creator-and-artist-stories,https://www.youtube.com/culture-and-trends,https://www.youtube.com/inside-youtube,https://www.youtube.com/madeonyoutube,https://www.youtube.com/feed,https://www.youtube.com/about/press#topic-hub-nav,https://www.youtube.com/search?query=What%20specific%20tools%20does%20YouTube%20offer%20creators%3F,https://www.youtube.com/search?query=Neal%20Mohan,https://www.youtube.com/search?query=What%20are%20the%20latest%20AI%20features%20on%20YouTube%3F,https://www.youtube.com/playlist?list=PLELF3GgMJ418,https://www.youtube.com/watch?v=y7Qowwvmqw8,https://www.youtube.com/playlist?list=PLKWsLM2sctt8,https://music.youtube.com/playlist?list=OLAK5uy_neGGaEhzwe5VnhQL4yDiawe9k6483BMpk,https://music.youtube.com/playlist?list=PLGA0jKqIqVtg,https://www.youtube.com/search?query=Youth&amp;tags=Youth,https://www.youtube.com/search?query=Social%20Responsibility&amp;tags=Social%20Responsibility,https://www.youtube.com/search?query=Safety%20&amp;%20Security&amp;tags=Safety%20&amp;%20Security,https://www.youtube.com/search?query=Health&amp;tags=Health,https://www.youtube.com/search?query=Artists&amp;tags=Artists,https://www.youtube.com/search?query=Made%20On%20YouTube&amp;tags=Made%20On%20YouTube,https://www.youtube.com/@YouTubeInsider,https://www.youtube.com/press,https://www.youtube.com/premium,https://tv.youtube.com/welcome?zipcode=78702,https://www.youtube.com/yt/family,https://www.youtube.com/csai-match,https://socialimpact.youtube.com/,https://www.youtube.com/howyoutubeworks/policies/community-guidelines#community-guidelines,https://www.youtube.com/howyoutubeworks/policies/copyright#support-and-troubleshooting,https://www.youtube.com/howyoutubeworks/resources/brand-resources#logos-icons-colors,https://www.youtube.com/intl/ALL_in/howyoutubeworks,https://www.youtube.com/about/copyright#content,https://www.youtube.com/intl/ALL_in/howyoutubeworks/ai,https://www.youtube.com/intl/ALL_in/howyoutubeworks/copyright,https://www.youtube.com/intl/ALL_in/howyoutubeworks/creator-economy,https://www.youtube.com/intl/ALL_in/howyoutubeworks/elections,https://www.youtube.com/intl/ALL_in/howyoutubeworks/kids-and-teens,https://www.youtube.com/intl/ALL_in/howyoutubeworks/learning,https://www.youtube.com/intl/ALL_in/howyoutubeworks/news,https://www.youtube.com/intl/ALL_in/howyoutubeworks/privacy,https://www.youtube.com/intl/ALL_in/howyoutubeworks/recommendations,https://www.youtube.com/intl/ALL_in/howyoutubeworks/our-policies,https://www.youtube.com/intl/ALL_in/howyoutubeworks/youtubes-impact,https://www.youtube.com/yt/about,https://www.youtube.com/t/community_guidelines,https://www.youtube.com/yt/jobs,https://www.youtube.com/t/press,https://www.youtube.com/yt/creators/en-gb/get-started.html,https://www.youtube.com/t/advertising_overview,https://www.youtube.com/t/contentid,https://www.youtube.com/yt/dev,https://www.youtube.com/about/policies#content","ChIJVQQPwRRP4DsRPbWFwv3HCKU","-6554769364933561027","Clothing store;Clothes and fabric manufacturer","4","5","21.1930062","72.8504921","9 am–5 pm","9 am–5 pm","9 am–5 pm","9 am–5 pm","9 am–5 pm","9 am–5 pm","9 am–5 pm"
"Mahotsav Group","080006 45000","info@mahotsavgroup.com","http://www.mahotsavgroup.com/","101-102, 1st floor, Sakaar,Textile Market Ring Rd,beside Jash, Sahara Darwaja, New Textile Market,Surat, Gujarat 395003","https://www.instagram.com/mahotsavgroupofficial","https://www.facebook.com/mahotsavgroup","","https://in.linkedin.com/company/mahotsavgroup","","https://www.youtube.com/@MahotsavGroup","ChIJK4AhElFO4DsRCbRTFDvyLBA","1165572739140137993","Clothing manufacturer","85","4.6","21.1934281","72.84385089999999","9 am–8 pm","9 am–8 pm","9 am–8 pm","9 am–8 pm","9 am–8 pm","9 am–8 pm","Closed"
"Jigyasha Sarees - Saree Wholesaler & Manufacturer Surat","098253 61293","support-in@google.com","https://youtube.com/@jigyashasaree-surat?si=kg0MpyhtUiOmkeGE","Shop No: B-11-12,Reshamwala Market,Ring Rd, near Sahara Darwaja, Reshamwala Market, Moti Begumwadi, New Textile Market,Surat, Gujarat 395002","https://www.instagram.com/youtube","https://www.facebook.com/youtube","https://x.com/YouTube,https://x.com/YouTubeInsider,https://x.com/YouTubeCreators,https://x.com/teamyoutube,https://x.com/youtubegaming,https://x.com/youtubetv,https://x.com/youtubemusic,https://x.com/youtubemusic?ref_src=twsrc%5Egoogle%7Ctwcamp%5Eserp%7Ctwgr%5Eauthor","","","https://www.youtube.com/channel/UCiCkV1JErIamDNwfAehBzMw,https://studio.youtube.com/channel/UC,https://m.youtube.com/channel/UCiCkV1JErIamDNwfAehBzMw,https://youtube.com/,https://www.youtube.com/about/press,https://www.youtube.com/about/copyright,https://youtube.com/t/contact_us,https://www.youtube.com/creators,https://www.youtube.com/ads,https://youtube.com/t/terms,https://youtube.com/t/privacy,https://www.youtube.com/about/policies,https://www.youtube.com/howyoutubeworks?utm_campaign=ytgen&amp;utm_source=ythp&amp;utm_medium=LeftNav&amp;utm_content=txt&amp;u=https%3A%2F%2Fwww.youtube.com%2Fhowyoutubeworks%3Futm_source%3Dythp%26utm_medium%3DLeftNav%26utm_campaign%3Dytgen,https://youtube.com/new,https://www.youtube.com/channel/UCqVDpXKLmKeBU_yyt_QkItQ,https://www.youtube.com/howyoutubeworks,https://www.youtube.com/trends,https://www.youtube.com/jobs,https://tv.youtube.com/learn/nflsundayticket,https://www.youtube.com/kids,https://www.youtube.com/musicpremium,https://www.youtube.com/creators/podcasts,https://www.youtube.com/premium?ybp=Sg0IBhIJdW5saW1pdGVk4AEB,https://studio.youtube.com/,https://tv.youtube.com/welcome,https://www.youtube.com/creators/research,https://www.youtube.com/@360/featured,https://www.youtube.com/,https://www.youtube.com/howyoutubeworks/our-policies,https://www.youtube.com/howyoutubeworks/copyright,https://www.youtube.com/t/terms,https://www.youtube.com/user/GustavoDudamel,https://www.youtube.com/user/YouTube,https://www.youtube.com/user/creatoracademy,https://www.youtube.com/channel/UCGg-UqjRgzhYDPJMr-9HXCg,https://www.youtube.com/user/YouTubeHelp,https://www.youtube.com/channel/UCkRfArvrzheW2E7b6SVT7vQ,https://www.youtube.com/about/press#jump-content,https://www.youtube.com/news-and-events,https://www.youtube.com/creator-and-artist-stories,https://www.youtube.com/culture-and-trends,https://www.youtube.com/inside-youtube,https://www.youtube.com/madeonyoutube,https://www.youtube.com/feed,https://www.youtube.com/about/press#topic-hub-nav,https://www.youtube.com/search?query=What%20specific%20tools%20does%20YouTube%20offer%20creators%3F,https://www.youtube.com/search?query=Neal%20Mohan,https://www.youtube.com/search?query=What%20are%20the%20latest%20AI%20features%20on%20YouTube%3F,https://www.youtube.com/playlist?list=PLELF3GgMJ418,https://www.youtube.com/watch?v=y7Qowwvmqw8,https://www.youtube.com/playlist?list=PLKWsLM2sctt8,https://music.youtube.com/playlist?list=OLAK5uy_neGGaEhzwe5VnhQL4yDiawe9k6483BMpk,https://music.youtube.com/playlist?list=PLGA0jKqIqVtg,https://www.youtube.com/search?query=Youth&amp;tags=Youth,https://www.youtube.com/search?query=Social%20Responsibility&amp;tags=Social%20Responsibility,https://www.youtube.com/search?query=Safety%20&amp;%20Security&amp;tags=Safety%20&amp;%20Security,https://www.youtube.com/search?query=Health&amp;tags=Health,https://www.youtube.com/search?query=Artists&amp;tags=Artists,https://www.youtube.com/search?query=Made%20On%20YouTube&amp;tags=Made%20On%20YouTube,https://www.youtube.com/@YouTubeInsider,https://www.youtube.com/press,https://www.youtube.com/premium,https://tv.youtube.com/welcome?zipcode=78702,https://www.youtube.com/yt/family,https://www.youtube.com/csai-match,https://socialimpact.youtube.com/,https://www.youtube.com/howyoutubeworks/policies/community-guidelines#community-guidelines,https://www.youtube.com/howyoutubeworks/policies/copyright#support-and-troubleshooting,https://www.youtube.com/howyoutubeworks/resources/brand-resources#logos-icons-colors,https://www.youtube.com/intl/ALL_in/howyoutubeworks,https://www.youtube.com/about/copyright#content,https://www.youtube.com/intl/ALL_in/howyoutubeworks/ai,https://www.youtube.com/intl/ALL_in/howyoutubeworks/copyright,https://www.youtube.com/intl/ALL_in/howyoutubeworks/creator-economy,https://www.youtube.com/intl/ALL_in/howyoutubeworks/elections,https://www.youtube.com/intl/ALL_in/howyoutubeworks/kids-and-teens,https://www.youtube.com/intl/ALL_in/howyoutubeworks/learning,https://www.youtube.com/intl/ALL_in/howyoutubeworks/news,https://www.youtube.com/intl/ALL_in/howyoutubeworks/privacy,https://www.youtube.com/intl/ALL_in/howyoutubeworks/recommendations,https://www.youtube.com/intl/ALL_in/howyoutubeworks/our-policies,https://www.youtube.com/intl/ALL_in/howyoutubeworks/youtubes-impact,https://youtube.com/yt/about,https://youtube.com/t/community_guidelines,https://youtube.com/yt/jobs,https://youtube.com/t/press,https://www.youtube.com/yt/creators/en-gb/get-started.html,https://youtube.com/t/advertising_overview,https://youtube.com/t/contentid,https://youtube.com/yt/dev,https://www.youtube.com/about/policies#content","ChIJc0PdHNNP4DsRUK7cjhxKUh8","2256947849782406736","Saree Shop","3","5","21.1923973","72.8435646","9 am–8 pm","9 am–8 pm","9 am–8 pm","9 am–8 pm","9 am–8 pm","9 am–8 pm","9 am–8 pm"
"Krishna Saree","098981 16901","","https://krishna-saree.grexa.site/","shop no.621 , Vankar,Textile Market,Ring Rd, Jay Laxmi Market, Moti Begumwadi, New Textile Market,Surat, Gujarat 395002","","","","","","","ChIJHRv8OJ5P4DsRjlCvmBv_sQs","842735099285819534","Saree Shop;Clothing store;Clothing wholesaler;Dress store","10","5","21.193573999999998","72.8402006","9 am–8:30 pm","9 am–8:30 pm","9 am–8:30 pm","9 am–8:30 pm","9 am–8:30 pm","9 am–8:30 pm","Closed"
"Laxmi Fashion - Wholesale Sarees From Surat","075676 42416","","","UG-19,ASIAN MARKET,Ring Rd, Maan Darwaja, Rustampura,Surat, Gujarat 395002","","","","","","","ChIJE_eppLJP4DsR5qh6IzcZsG4","7975902664682285286","Clothing wholesaler;Wholesaler","7","4.9","21.1836806","72.83153999999999","10 am–9 pm","10 am–9 pm","10 am–9 pm","10 am–9 pm","10 am–9 pm","10 am–9 pm","Closed"
"Satvachan Sarees","098256 41185","","","3rd Floor Lift No.13,B-5122,14, Textile Market Ring Rd, Raghukul Textile Market, New Textile Market,Surat, Gujarat 395002","","","","","","","ChIJs0nKyq5P4DsRP8xExtZjCEI","4758162780417477695","Clothing store","26","4.5","21.189160299999998","72.84500659999999","","","","","","",""
"A-One Sarees","090993 00095","","","Aone sarees,sarees,A-27, Bombay Market-Punagam Rd, Bombay Market, Umarwada,Surat, Gujarat 395010","","","","","","","ChIJq6qqaqtP4DsRPzBwJ4c8gq8","-5800006818919862209","Clothing store","14","4.9","21.1986271","72.8494298","9 am–10 pm","9 am–10 pm","9 am–10 pm","9 am–10 pm","9 am–10 pm","9 am–10 pm","Closed"
"SHUBHMANGAL","093164 67677","contact@shubhmangalethnic.com","https://www.shubhmangalethnic.com/","1831 &1832, RAJ MARG,Lal Gate, Gopipura,Surat, Gujarat 395003","https://www.instagram.com/shubhmangal_creation_","https://www.facebook.com/shubhmangalsurat","","","","https://www.youtube.com/@shubhmangal6939","ChIJN0l-esRP4DsRbukZeWv8c3I","8247212881168951662","Youth clothing store","222","4.8","21.1985322","72.8273219","10 am–9 pm","10 am–9 pm","10 am–9 pm","10 am–9 pm","10 am–9 pm","10 am–9 pm","10 am–9 pm"
"SUHAGPARI SAREE","","","","2nd Floor,D-4433/34,2, opp. Millennium Textile Market, Raghukul Textile Market,Surat, Gujarat 395002","","","","","","","ChIJvbH-kMlP4DsR9ZQ6zZbixns","8919065249369986293","Clothing manufacturer","34","5","21.1880834","72.8400925","10 am–7:30 pm","10 am–7:30 pm","10 am–7:30 pm","10 am–7:30 pm","10 am–7:30 pm","10 am–7:30 pm","Closed"
"Paris Sarees","090163 81681","","","Balaji Road,opposite Old Saibaba Temple Street,Chauta Pul, Gopipura,Surat, Gujarat 395003","","","","","","","ChIJywrepWNO4DsRm-RbCfyTTc0","-3653101012029545317","Clothing store","35","3.7","21.198082199999998","72.8253213","10:30 am–8:30 pm","10:30 am–8:30 pm","10:30 am–8:30 pm","10:30 am–8:30 pm","10:30 am–8:30 pm","10:30 am–8:30 pm","10:30 am–7 pm"
"Heer Fashion","093289 33249","support@heerfashion.com","http://www.heerfashion.com/","Karada Hills,Shahid Bhagat Singh Ved - Variav Brg,Narayan Munidev Society, Katargam,Surat, Gujarat 395004","https://www.instagram.com/heers_fashion","https://www.facebook.com/HeersFashion","","","","https://www.youtube.com/@HeerFashion,https://www.youtube.com/heerfashion","ChIJdSGmwFlP4DsRhaTD0Vzsfuo","-1549541338368465787","Clothing wholesaler;Clothing wholesale market place;E-commerce service;Manufacturer","4918","4.2","21.2473729","72.82011279999999","9 am–7 pm","9 am–7 pm","9 am–7 pm","9 am–7 pm","9 am–7 pm","9 am–7 pm","10 am–6 pm"
"Mayur House","0261 232 0840","info@mayursaree.com,mayursaree@gmail.com","https://www.mayursaree.com/about-us.php","Mayur house,Ring Rd,opp. millennium, nr. Vishal House, Kamela Darwaja, New Textile Market,Surat, Gujarat 395002","","","","","","","ChIJIyE5BU5O4DsR76iu86qyQs0","-3656163500168926993","Clothing store;Clothing manufacturer;Clothing wholesale market place;Clothing wholesaler;Supplier;Manufacturer;Saree Shop;Wholesaler;Women's clothing store","25","4.6","21.1872196","72.843119","9:30 am–8 pm","9:30 am–8 pm","9:30 am–8 pm","9:30 am–8 pm","9:30 am–8 pm","9:30 am–8 pm","Closed"
"Kashvi Sarees","098980 28881","","http://www.kashvisarees.com/","Shop no. Z-1201, Surat Textile Market, Ring Road,Surat, Gujarat 395003","","","","","","","ChIJS7BkxVBO4DsR-BDxlEscnEU","5015915195930841336","Women's clothing store","39","4.4","21.194516","72.84181099999999","9 am–7 pm","9 am–7 pm","9 am–7 pm","9 am–7 pm","9 am–7 pm","9 am–7 pm","9 am–7 pm"
"Kitta Trendz","097274 35822","","https://tvelodesigner.com/kitta-trendz-india/","Shop no-420-25,Raghuvir platinum,Saroli,Surat, Gujarat 395010","","","","","","","ChIJx5OOzsBP4DsRjXgh9QKuIfI","-999326314573760371","Clothing manufacturer;Clothing supplier;Clothing wholesaler","22","4.7","21.1895287","72.8952817","10:30 am–9 pm","10:30 am–9 pm","10:30 am–9 pm","10:30 am–9 pm","10:30 am–9 pm","10:30 am–9 pm","Closed"
"Ankita Print (Krishna Aarohi & Keshav Leela) - Saree Manufacturer in Surat","095100 10211","contact@ankitaprint.com","https://ankitaprint.com/","First floor, Lift Number 10,C-3290, Ring Rd,Raghukul Textile Market, New Textile Market,Surat, Gujarat 395002","https://www.instagram.com/ankitaprint","https://www.facebook.com/ankitaprintsurat","","","","","ChIJ_5oXbUVO4DsR6X1s4-5GwMU","-4197276860877603351","Saree Shop;Manufacturer","7","5","21.185922899999998","72.8458747","11 am–8 pm","11 am–8 pm","11 am–8 pm","11 am–8 pm","11 am–8 pm","11 am–8 pm","Closed"
"Laxmikala Sarees","098251 48016","","","C-109 & 110, Ring Rd,New TT Market, Moti Begumwadi, New Textile Market,Surat, Gujarat 395003","","","","","","","ChIJS-Rzk3NP4DsRcFOXbao0sY8","-8092629148820352144","Clothing store","17","5","21.1924895","72.8447188","10:30 am–8 pm","10:30 am–8 pm","10:30 am–8 pm","10:30 am–8 pm","10:30 am–8 pm","10:30 am–8 pm","Closed"
"Talreja Saree","093774 04494","","","C -3077-78, Millennium Textile Market,Ring Rd,Sahara Darwaja, New Textile Market,Surat, Gujarat 395002","","","","","","","ChIJY_rY7k9O4DsRoE_OPBNu9A0","1005549645714050976","Clothing store;Boutique;Clothing manufacturer;Clothing wholesaler;Designer Clothing Store;Fabric store;Fabric wholesaler;Saree Shop;Silk store;Wholesaler","18","5","21.188537","72.84096629999999","11 am–8:30 pm","11 am–8:30 pm","11 am–8:30 pm","11 am–8:30 pm","11 am–8:30 pm","11 am–8:30 pm","Closed"
"Surat Wholesale Shop","076229 68934","suratwholesaleshop@gmail.com","https://www.suratwholesaleshop.com/","Cp-2 Shree Kuberji Textile Park,2,Surat, Gujarat 395002","","https://www.facebook.com/suratwholesaleshop","https://twitter.com/wholesalesurat,https://twitter.com/#!/wholesalesurat","https://in.linkedin.com/company/kesari-exports-pvt-ltd-","","https://www.youtube.com/channel/UCQPfYKegwDO5ge81_OaAkIA","ChIJQ_6F3PZP4DsRvHsADpH9mvc","-604892400480912452","Clothing store;Clothes and fabric manufacturer;Clothes and fabric wholesaler;Clothing manufacturer;Clothing supplier;Clothing wholesaler;Silk store;Wholesaler","47","4.7","21.1840586","72.8470119","9 am–7 pm","9 am–7 pm","9 am–7 pm","9 am–7 pm","9 am–7 pm","9 am–7 pm","Closed"
"Tana Bana","093605 45859","","http://2thetaanabaana.com/","Shop No G-61, Tana Bana,Rajhans Imperia,Ring Rd, near Metro Tower, Maan Darwaja, New Textile Market,Surat, Gujarat 395002","https://www.instagram.com/mdsaddam3266,https://www.instagram.com/mdSaddam3266","https://www.facebook.com/MdsaddamHussain","","","","https://www.youtube.com/@MDSaddamHussain","ChIJtTXr43JP4DsR8oEvOyx8q3U","8479007252868465138","Saree Shop","3","3.7","21.1858905","72.83617749999999","10 am–8 pm","10 am–8 pm","10 am–8 pm","10 am–8 pm","10 am–8 pm","10 am–8 pm","Closed"
"Charchita Designer Sarees","094089 90045","","","F 3283/84, 1st floor,Ring Rd,Millennium Textile Market, Moti Begumwadi, New Textile Market,Surat, Gujarat 395002","","","","","","","ChIJ3zI8fHxP4DsRMMPPb9Z6T_g","-554089167725804752","Saree Shop","46","5","21.1881256","72.8416026","10:30 am–9:30 pm","10:30 am–9:30 pm","10:30 am–9:30 pm","10:30 am–9:30 pm","10:30 am–9:30 pm","10:30 am–9:30 pm","Closed"
"A One Sarees & Garments","099255 33550","","","Shreeji Chambers,9/1652, Balaji Rd,near Bhagwandas & Company Family Shop, Chauta Pul, Gopipura,Surat, Gujarat 395003","","","","","","","ChIJqdE_34lO4DsRsfpWOAHy-kM","4898493631772949169","Women's clothing store","16","4.3","21.1985665","72.8263564","10 am–9 pm","10 am–9 pm","10 am–9 pm","10 am–9 pm","10 am–9 pm","11 am–7 pm","10 am–9 pm"
"SHRI SAREES Shyam jyoti fashion hub","070691 34021","","https://www.instagram.com/shyam_jyoti_fashion_hub?igsh=MTN3ZmI1OGdrdHBj","Shop no,717, Ring Rd,Millennium Textile Market, Market2, New Textile Market,Surat, Gujarat 395002","https://www.instagram.com/rsrc.php","","","","","","ChIJh62NpVxP4DsRCqHyxKjJNjU","3834473859448480010","Saree Shop;Clothing store","23","5","21.1889271","72.84061849999999","9 am–8 pm","9 am–8 pm","9 am–8 pm","9 am–8 pm","9 am–8 pm","9 am–8 pm","Closed"
"ETHNIC EXPORT","098257 59366","sales@ethnicexport.com","https://ethnicexport.com/","Avadh Textile market,8034,opp. Bus Stand, near Shahara Darwaja,Surat, Gujarat 395010","https://www.instagram.com/EthnicExport,https://www.instagram.com/kynoor_wholesale","https://www.facebook.com/ethnicexport,https://www.facebook.com/Kynoorwholesale","https://twitter.com/KynoorWholesale","https://www.linkedin.com/in/kynoor-wholesale-b40621178","","https://www.youtube.com/channel/UCxT71hqKSJNahoGvFpD8WmA","ChIJC2_XFFFO4DsReblovbGV65A","-8004139322101417607","Exporter","112","4.7","21.193202","72.8503709","11 am–8 pm","11 am–8 pm","11 am–8 pm","11 am–8 pm","11 am–8 pm","11 am–8 pm","Closed"
"MAHARANI SAREES Surat","098335 92259","","","Shop no 7,Rajhans Olympia mall,Bhatar Rd,Surat, Gujarat 395001","","","","","","","ChIJRWCl6U9O4DsRp4N29cxKcdQ","-3138645221148556377","Clothing store","3","3.7","21.171936499999997","72.8167284","11 am–9 pm","11 am–9 pm","11 am–9 pm","11 am–9 pm","11 am–9 pm","11 am–9 pm","11 am–7 pm"
"Chechani Sarees","098980 70840","chechanisaree@gmail.com","https://justyellowpage.com/56709-CHECHANI-SAREES-PVT-LTD","1st Floor, Krishna Textile Market,Salasar Gate,2009, Ring Rd, near JJ AC Market, Abhinandan Textile Market, Moti Begumwadi, New Textile Market,Surat, Gujarat 395002","https://www.instagram.com/chechanisareespvt","https://www.facebook.com/sharer,https://www.facebook.com/sharer/sharer.php?u=/56709-CHECHANI-SAREES-PVT-LTD&amp;src=sdkpreparse","https://twitter.com/share?text=Just%20Yellow%20Page%20&url=Click%20this%20link:%20https://www.justyellowpage.com/56709-CHECHANI-SAREES-PVT-LTD","","","","ChIJD5xpjlFO4DsR4B4s17lVdfA","-1119894675664396576","Wholesaler","18","4.7","21.1916551","72.84296069999999","10 am–8:30 pm","10 am–8:30 pm","10 am–8:30 pm","10 am–8:30 pm","10 am–8:30 pm","10 am–8:30 pm","Closed"
"Sneha Online Collection (SOC) - Surat's No.1 Saree Exporter, Kurti Exporter | Reseller welcome","070033 00673","","","Sahara Darwaja Ring Rd,J.J. Market, Moti Begumwadi, New Textile Market,Surat, Gujarat 395002","","","","","","","ChIJiR83cgF99jkRmKlaYb_QlvI","-966355549633730152","Clothing supplier","116","4.6","21.1903853","72.8420711","9 am–5 pm","9 am–5 pm","9 am–5 pm","9 am–5 pm","9 am–5 pm","9 am–5 pm","Closed"
"Lalaji Saree House","070967 45211","","","Sashi kaant house,ke niche, Ring Rd,near centeral bank, Jariwala Compound, New Textile Market,Surat, Gujarat 395002","","","","","","","ChIJ4R_rU95P4DsRhrmDKoG3BWk","7567656514257926534","Clothing store","30","3.4","21.178260599999998","72.82715329999999","Open 24 hours","8:30 am–9 pm","8 am–8 pm","Open 24 hours","Open 24 hours","Open 24 hours","Open 24 hours"
"SURAT SAREES","092652 83321","suratsareesw@gmail.com","http://suratsarees.in/","B 529 Avadh,Textile Market,Ring Rd, Umarwada,Surat, Gujarat 395010","","","","","","","ChIJtR4YPHFP4DsR7PoBaTdEe7c","-5225507937857701140","Saree Shop","4","4","21.1937042","72.8499921","11 am–7 pm","11 am–7 pm","11 am–7 pm","11 am–7 pm","11 am–7 pm","11 am–7 pm","Closed"
"Brahmani Sarees","","","","S-5/6, Ring Rd,J.J.A.C. Market, Moti Begumwadi, New Textile Market,Surat, Gujarat 395002","","","","","","","ChIJdW1M-b1P4DsRWSULCGsdsBI","1346608634117432665","Clothing store","16","4.3","21.190790999999997","72.84234479999999","10 am–9 pm","10 am–9 pm","10 am–9 pm","10 am–9 pm","10 am–9 pm","10 am–9 pm","Closed"
"Lajree Designer®","087803 07216","support@lajreedesigner.com","https://lajreedesigner.com/","4018, International Fashion Market,nr. Punagam,Surat, Gujarat 395011","https://www.instagram.com/lajreedesigner","https://www.facebook.com/LajreeDesigners","https://x.com/lajreedesigner","","","https://www.youtube.com/@Lajree-designer,https://www.youtube.com/watch?v=FRSw3scKFyI&t","ChIJPw5geYlP4DsRIkFpqFQ8vbA","-5711342418135531230","Designer Clothing Store","771","4","21.1996285","72.8680758","10 am–6 pm","10 am–6 pm","10 am–6 pm","10 am–6 pm","10 am–6 pm","10 am–6 pm","Closed"
"Maya Saree Surat","093745 48731","","https://mayasaree.shop/","2052,2053,TT TOWER,Ring Rd, Maan Darwaja, Aman Nagar,Surat, Gujarat 395002","","","","","","","ChIJdUMinCJP4DsRzr1bsecwlv4","-101840169898099250","Clothing wholesale market place","6","5","21.1834927","72.8308584","11 am–10 pm","11 am–10 pm","11 am–10 pm","11 am–10 pm","11 am–10 pm","11 am–10 pm","Closed"
"Mantra Saree","","","","K - 2577,78, Millenium,Textile Market Ring Rd, Millennium Textile Market, Moti Begumwadi, New Textile Market,Surat, Gujarat 395002","","","","","","","ChIJxR7Rh8RP4DsRSVe9wiBPYFM","6007888905036977993","Saree Shop","14","5","21.187672199999998","72.8422777","10:30 am–9 pm","10:30 am–9 pm","10:30 am–9 pm","10:30 am–9 pm","10:30 am–9 pm","10:30 am–9 pm","Closed"
"Fuljadi Saree Surat","","","","A 60,near aspas mandir devdhroad,Man Sarovar Society, Godadara,Surat, Devadh, Gujarat 395012","","","","","","","ChIJs9MGsqNP4DsRr846fr0fL0o","5345526181439131311","Clothing manufacturer","","","21.1635138","72.88408319999999","9 am–12 am","12–6 am, 9 am–12 am","12–6 am, 9 am–9 pm","9 am–6 pm","9 am–6 pm","9 am–6:30 pm","Closed"
"Vivanta Fashion Fab","094085 19701","","","534-35, Ring Rd,Abhinandan Textile Market, Moti Begumwadi, New Textile Market,Surat, Gujarat 395002","","","","","","","ChIJjxHSeWZP4DsRCjNYyURYLYk","","Clothing manufacturer","31","4.9","21.190447799999998","72.8431655","10 am–9 pm","10 am–9 pm","10 am–9 pm","10 am–9 pm","10 am–9 pm","10 am–9 pm","Closed"
"Navdurgaa Saree Private Limited","093289 13282","","","A-1/104,B-1/114,Regent Textile Market,Kamela,Darwaja,Ring Road,near Kohinoor Textile Market,Surat, Gujarat 395003","","","","","","","ChIJbULuRkVO4DsRdbgwwwJBD7w","-4895622789807949707","Clothing manufacturer;Clothing supplier;Wholesaler","3","3.3","21.188295699999998","72.8383707","9:30 am–8 pm","9:30 am–8 pm","9:30 am–8 pm","9:30 am–8 pm","9:30 am–8 pm","9:30 am–8 pm","Closed"
"Dhanlaxmi Saree","","","","3rd floor,3008,Sai Asharam Market,Gujarat 395003","","","","","","","ChIJ6XLFIE5O4DsRf2smzcKGPYo","-8485477951672521857","Clothing store","9","3.2","21.191945999999998","72.84167339999999","11 am–8 pm","11 am–8 pm","11 am–8 pm","11 am–8 pm","11 am–8 pm","11 am–8 pm","Closed"
"Ganesh Sarees [Cotton Sarees]","096876 69610","","http://patodia.co.in/","350, Ground Floor,Abhishek Market, New Textile Market,Surat, Gujarat 395002","","","","","","","ChIJe_DLEE5O4DsRYXFsPjwyvCA","2358815539162018145","Clothing manufacturer;Clothes market;Clothing supplier;Clothing wholesale market place;Cotton Supplier;Saree Shop","6","4.8","21.188889","72.844529","10:30 am–8 pm","10:30 am–8 pm","10:30 am–8 pm","10:30 am–8 pm","10:30 am–8 pm","10:30 am–8 pm","Closed"
"Surat Saree Factory","063589 07205","","https://www.ajmerafashion.com/","Surana 101 Tower,7001, Sahara Darwaja Ring Rd,Sahara Darwaja, New Textile Market,Surat, Gujarat 395003","https://www.instagram.com/ajmerafashion","https://www.facebook.com/ajmerafashionofficial","","https://in.linkedin.com/company/ajmerafashionofficial","","https://www.youtube.com/watch?v=fjlA50u1zWU,https://www.youtube.com/watch?v=4fnV8QgXeoc,https://www.youtube.com/watch?v=NJHcbmXWdBU,https://www.youtube.com/c/AjmeraFashionSyntheticSareeManufacturer,https://www.youtube.com/@ajmerafashionsurat","ChIJOTuvkHhP4DsREDwQMe0LcQc","536222943992101904","Clothing store","2","3.5","21.1955512","72.8440277","9 am–9 pm","9 am–9 pm","9 am–9 pm","9 am–9 pm","9 am–9 pm","9 am–9 pm","9 am–9 pm"
"Shree Devangna Sarees","","","","SHOP-A-1020,shop no-6115 to 6124 Millennium textile market-4 bhatena,1022, Ring Rd, Raghukul Textile Market, Udhana,Surat, Gujarat 395002","","","","","","","ChIJ4wBdTGRP4DsRXi6SzpebvnM","8340274636244790878","Clothing store","5","4.2","21.1830532","72.8395816","10:30 am–9:30 pm","10:30 am–9:30 pm","10:30 am–9:30 pm","10:30 am–9:30 pm","10:30 am–9:30 pm","10:30 am–9:30 pm","Closed"
"JALAN SAREES SURAT","094261 34391","","","ground floor, shop no,E-1322, Textile Market Ring Rd,Abhishek Market, New Textile Market,Surat, Gujarat 395002","","","","","","","ChIJkbvhVIdP4DsRNYUIea8PSFw","6649582096136832309","Manufacturer","5","5","21.189160299999998","72.84500659999999","9:30 am–9 pm","9:30 am–9 pm","9:30 am–9 pm","9:30 am–9 pm","9:30 am–9 pm","9:30 am–9 pm","Closed"
"Sagun Sarees","","","","15 Basement, Abhishek Market, Ring Road,Abhishek Market,Surat, Gujarat 395003","","","","","","","ChIJHcepOlFO4DsRr3U5pHySGAc","511319621735380399","Women's clothing store","31","4.5","21.1913321","72.8425864","","","","","","",""
"Namami Designer | Saree Manufacturer In Surat","093276 39974","","https://www.facebook.com/namamidesigner/","J-2534-37, Ring Rd,Millennium Textile Market, Moti Begumwadi, New Textile Market,Surat, Gujarat 395002","","","","","","","ChIJtekC6SdP4DsRMnPf1wZRRdA","-3439253650594106574","Clothing manufacturer;Clothing wholesaler;Saree Shop;Textile Exporter","52","4.9","21.1875546","72.8425358","10 am–9 pm","10 am–9 pm","10 am–9 pm","10 am–9 pm","10 am–9 pm","10 am–9 pm","Closed"
"Namo Narayani Sarees and Narayani sarees","","","","4553 Millenium,J-4550, Textile Market Ring Rd,Millennium Textile Market, Moti Begumwadi, New Textile Market,Surat, Gujarat 395002","","","","","","","ChIJ4ScI6U9O4DsRT6cDPgmQX2I","7088542707873982287","Clothing store","9","4.4","21.188281699999997","72.8414851","11 am–9 pm","11 am–9 pm","11 am–9 pm","11 am–9 pm","11 am–9 pm","11 am–9 pm","Closed"
"Manya Sarees","088660 31389","","","Z-2190,Ring Rd,Surat Textile Market, New Textile Market,Surat, Gujarat 395002","","","","","","","ChIJUYOj11FO4DsR9EYvdmc1eks","5438718218484008692","Manufacturer;Digital printing service;Saree Shop","6","4.2","21.1899315","72.8430959","11 am–8 pm","11 am–8 pm","11 am–8 pm","11 am–8 pm","11 am–8 pm","11 am–8 pm","Closed"
"Niharika Creations","087805 47095","","","Shop no.- J-26,Bombay Market, Umarwada,Surat, Gujarat 395010","","","","","","","ChIJ0y_oQVFO4DsR726ZtUzSDrI","-5616320458378350865","Clothing store","41","4.6","21.198742","72.85080599999999","9 am–8:30 pm","9 am–8:30 pm","9 am–8:30 pm","9 am–8:30 pm","9 am–8:30 pm","9 am–8:30 pm","9 am–8 pm"
"American Sarees","092226 66789","","","Surat Textile Market, Moti Begumwadi, New Textile Market,Surat, Gujarat 395002","","","","","","","ChIJZSxXMB5P4DsRSfiO0OgI750","-7066419494296553399","Saree Shop","4","4.3","21.189300799999998","72.8413597","9:30 am–9 pm","9:30 am–9 pm","9:30 am–9 pm","9:30 am–9 pm","9:30 am–9 pm","9:30 am–9 pm","Closed"
"Maa Jagdamba Saree","098792 15603","","","Ug-13,Shree Kuber ji plaza,Moti Begumwadi, New Textile Market,Surat, Gujarat 395003","","","","","","","ChIJaQKgHzBP4DsRnF9e41c5yrA","-5707686528099131492","Clothing store","17","4.2","21.1910635","72.8403838","10:30 am–10 pm","10:30 am–10 pm","10:30 am–10 pm","10:30 am–10 pm","10:30 am–10 pm","10:30 am–10 pm","Closed"
"Salasar saree centre","","","","2041, Ring Rd,Sai Asharam Market, Moti Begumwadi, New Textile Market,Surat, Gujarat 395003","","","","","","","ChIJ9ZZUwC5P4DsRxFQqKrvUgXI","8251109892650849476","Manufacturer","6","4.3","21.1920884","72.8418071","9 am–8 pm","9 am–8 pm","9 am–8 pm","9 am–8 pm","9 am–8 pm","9 am–8:30 pm","Closed"
"Samarpan saree","095867 86721","","","Sahara Darwaja Ring Rd,Sahara Darwaja, New Textile Market,Surat, Gujarat 395003","","","","","","","ChIJTzbNOMNP4DsRWi4BwwE4blY","6227976914917731930","Clothing store","7","4.4","21.1957438","72.8439229","10 am–9 pm","10 am–9 pm","10 am–9 pm","10 am–9 pm","10 am–9 pm","10 am–9 pm","Closed"
"Amrah Wholesale","063560 13117","support@amrahwholesale.com","https://www.amrahwholesale.com/","Ground Floor,Q/1246-47, Ring Rd,Surat Textile Market, Moti Begumwadi, New Textile Market,Surat, Gujarat 395002","https://www.instagram.com/amrah.wholesale,https://www.instagram.com/amrahwholesale","https://www.facebook.com/people,https://www.facebook.com/share,https://www.facebook.com/share/1BogyBXAn1","https://x.com/Amrahwholesale","","","https://youtube.com/@amrahwholesale","ChIJJTjHo35P4DsRj4ZvYzzo4io","3090287640393516687","Textile Exporter;Clothes and fabric wholesaler;Clothing wholesaler;Exporter;Fabric store;Fabric wholesaler;Import export company;Wholesaler","15","5","21.1903087","72.8420615","9 am–9 pm","9 am–9 pm","9 am–9 pm","9 am–9 pm","9 am–9 pm","9 am–9 pm","Closed"
"Annie's Creation by Roshni","070699 73557","","http://www.anniescration.com/","10/968, Pathshala street,Amliran, wadifaliya,Surat, Gujarat 395003","","","","","","","ChIJ-W8JvPdP4DsR5_e7QvovixQ","1480329654429284327","Saree Shop","40","4.8","21.1937264","72.8279577","4–8:30 am, 4–9 pm","4–9 pm","4–9 pm","4–9 pm","4–9 pm","4–9 pm","12–9 pm"
"Royal Export","090168 68911","sales@suratifabric.com,support@royalexport.in","https://www.royalexport.in/","Rang Avdhut Society,B2,opposite mangaldeep, Matavadi, Varsha Society 1, Ambavadi, Varachha,Surat, Gujarat 395006","https://www.instagram.com/royalexport_in","https://www.facebook.com/Royal,https://www.facebook.com/suratifabric,https://www.facebook.com/royalexport.in,https://www.facebook.com/Royal%20Exportindia","https://twitter.com/suratifabric","","","https://www.youtube.com/@Royal_Export","ChIJ____b_9O4DsRR3wn7M1cozc","4009150132789935175","Wholesaler;Supplier;Exporter;Manufacturer","154","4.7","21.205449599999998","72.8542197","Open 24 hours","Open 24 hours","Open 24 hours","Open 24 hours","Open 24 hours","Open 24 hours","Closed"
"Tribhovandas Govanbhai Jariwala","098985 30701","","","9/1651, Balaji Road,Chota Bazaar Rd,Lal Gate,Surat, Gujarat 395003","","","","","","","ChIJH1wxFmBO4DsRAAAAMNgUNjk","4122505427655065600","Clothing store","20","4.3","21.198510799999998","72.82650199999999","10 am–8 pm","10 am–8 pm","10 am–8 pm","10 am–8 pm","10 am–8 pm","10 am–8 pm","Closed"
"Amolika sarees","096386 38650","","https://www.amolikasarees.com/","G-10,Emporio textile hub,near golden point, Zampa Bazaar, Falsawadi, Begampura,Surat, Gujarat 395003","","","","","","","ChIJGxGPTflP4DsRvH1d9woXeYc","-8684885070540079684","Saree Shop;Clothing store;Clothing supplier;Clothing wholesale market place;Clothing wholesaler","1","5","21.1984204","72.8391793","9 am–9 pm","9 am–9 pm","9 am–9 pm","9 am–9 pm","9 am–9 pm","9 am–9 pm","Closed"
"Vijbhukhandas & Brothers","0261 259 8555","","","Lal Gate,Surat, Gujarat 395003","","","","","","","ChIJ1dR_JWBO4DsRoSiw9-Nin9o","-2693325320891651935","Women's clothing store;Fabric store","13","4.4","21.1988415","72.8261164","10:30 am–8 pm","10:30 am–8 pm","10:30 am–8 pm","10:30 am–8 pm","10:30 am–8 pm","10:30 am–8 pm","Closed"
"Shyam Sangini Saree","","","","5RQR+XR2,Z3170,Surat Textile Market, Moti Begumwadi, New Textile Market,Surat, Gujarat 395002","","","","","","","ChIJbVKvnLJP4DsR0zxeE5WhqNE","-3339241462048080685","Clothing store","11","3.4","21.1898895","72.84201279999999","10 am–8:30 pm","10 am–8:30 pm","10 am–8:30 pm","10 am–8:30 pm","10 am–8:30 pm","10 am–8:30 pm","Closed"
"Blue Moon Exclucive Silk Sarees","097279 74778","","","Shop No 3-4-5, Navratna,opp. Surat General Hospital,Chauta Pul, Gopipura,Surat, Gujarat 395003","","","","","","","ChIJTx3Y7CRP4DsRL8pdfJj_LSE","2390848007590234671","Clothing store","10","5","21.196918699999998","72.8253739","","","","","","",""
"HOUSE OF MAHI SAREE AND LEHENGA™","096628 60399","","","Building No 17, Gujrat,Housing Bord,📍Shop No. 1 To 3,nearby Old Bombaymarket, Umarwada,Surat, Gujarat 395010","","","","","","","ChIJWQ0WlqtP4DsRiEuRyRNj6Lk","-5050678045458740344","Saree Shop;Clothing store","6","3.7","21.1995441","72.84791009999999","10 am–9 pm","10 am–9 pm","10 am–9 pm","10 am–9 pm","10 am–9 pm","10 am–9 pm","10 am–9 pm"